{"trial_id": "0005", "hyperparameters": {"space": [{"class_name": "Int", "config": {"name": "units", "default": null, "conditions": [], "min_value": 50, "max_value": 200, "step": 50, "sampling": "linear"}}, {"class_name": "Choice", "config": {"name": "learning_rate", "default": 0.001, "conditions": [], "values": [0.001, 0.0001], "ordered": true}}], "values": {"units": 200, "learning_rate": 0.001, "tuner/epochs": 2, "tuner/initial_epoch": 0, "tuner/bracket": 3, "tuner/round": 0}}, "metrics": {"metrics": {"loss": {"direction": "min", "observations": [{"value": [2497.51318359375], "step": 1}]}, "val_loss": {"direction": "min", "observations": [{"value": [2362.869873046875], "step": 1}]}}}, "score": 2362.869873046875, "best_step": 1, "status": "COMPLETED", "message": null}