{"ongoing_trials": {}, "hyperparameters": {"space": [{"class_name": "Int", "config": {"name": "units", "default": null, "conditions": [], "min_value": 50, "max_value": 200, "step": 50, "sampling": "linear"}}, {"class_name": "Choice", "config": {"name": "learning_rate", "default": 0.001, "conditions": [], "values": [0.001, 0.0001], "ordered": true}}], "values": {"units": 50, "learning_rate": 0.001}}, "start_order": ["0000", "0001", "0002", "0003", "0004", "0005", "0006", "0007"], "end_order": ["0000", "0001", "0002", "0003", "0004", "0005", "0006", "0007"], "run_times": {"0000": 1, "0001": 1, "0002": 1, "0003": 1, "0004": 1, "0005": 1, "0006": 1, "0007": 1}, "retry_queue": [], "seed": 6465, "seed_state": 6517, "tried_so_far": ["01d2a9852f99cd431cdb1d41cb5b5185", "e8f1f82dca2ad99691398727a7d496d3", "f1ccf619f408564fdd89531729293753", "7063e51e8b8434ebe1294bea71e2aecc", "e3420592d79f9528cd39bf082095cbb8", "e0eb8e3d6bfdc630c939f34ee47473e7", "15a18f81a1968b603165e6f1e6d01656", "2ef8665152629b80c775d56b785a4490"], "id_to_hash": {"0000": "e0eb8e3d6bfdc630c939f34ee47473e7", "0001": "15a18f81a1968b603165e6f1e6d01656", "0002": "01d2a9852f99cd431cdb1d41cb5b5185", "0003": "7063e51e8b8434ebe1294bea71e2aecc", "0004": "e8f1f82dca2ad99691398727a7d496d3", "0005": "2ef8665152629b80c775d56b785a4490", "0006": "e3420592d79f9528cd39bf082095cbb8", "0007": "f1ccf619f408564fdd89531729293753"}, "display": {"search_start": "2024-09-11T19:34:13.962685", "trial_start": {"0000": "2024-09-11T19:34:13.962685", "0001": "2024-09-11T19:34:15.785793", "0002": "2024-09-11T19:34:17.649453", "0003": "2024-09-11T19:34:19.177316", "0004": "2024-09-11T19:34:20.672780", "0005": "2024-09-11T19:34:22.030035", "0006": "2024-09-11T19:34:24.376997", "0007": "2024-09-11T19:34:26.716201"}, "trial_number": {"0000": 1, "0001": 2, "0002": 3, "0003": 4, "0004": 5, "0005": 6, "0006": 7, "0007": 8}}, "hyperband_iterations": 1, "max_epochs": 50, "min_epochs": 1, "factor": 3, "brackets": [{"bracket_num": 3, "rounds": [[{"past_id": null, "id": "0000"}, {"past_id": null, "id": "0001"}, {"past_id": null, "id": "0002"}, {"past_id": null, "id": "0003"}, {"past_id": null, "id": "0004"}, {"past_id": null, "id": "0005"}, {"past_id": null, "id": "0006"}, {"past_id": null, "id": "0007"}], [], [], []]}], "current_bracket": 3, "current_iteration": 0}